CaseMasterID,CrimeNo,CaseNo,CrimeRegisteredDate,PolicePersonID,PoliceStationID,CaseCategoryID,GravityOffenceID,CrimeMajorHeadID,CrimeMinorHeadID,CaseStatusID,CourtID,IncidentFromDate,IncidentToDate,InfoReceivedPSDate,latitude,longitude,BriefFacts,Caste,ComplainantPhone
90001,101013009202690001,202690001,2026-07-10,100042,3009,1,2,3,305,1,2,2026-07-10 17:11:00,2026-07-10 19:46:00,2026-07-10 21:03:00,12.950784,77.561078,"The complainant Ravi Hegde reported theft of cash of Rs 42,000 from the old town lanes during the daytime. unknown persons took advantage of the crowd and escaped. A case has been registered and nearby CCTV cameras are being verified.",,
90002,101103084202690002,202690002,2026-07-10,100377,3084,1,2,5,501,1,19,2026-07-09 16:26:00,2026-07-09 21:00:00,2026-07-10 17:53:00,16.181954,74.750743,"The complainant Kiran Reddy reported receiving posing as fake police on beat duty, following which an amount was fraudulently debited from his bank account. The fraudster kept the complainant engaged on the call during the business hours and obtained the OTP. The cyber cell has been alerted and the money trail is being traced.",,
90003,101013001202690003,202690003,2026-07-11,100013,3001,1,2,5,501,1,1,2026-07-11 08:32:00,2026-07-11 10:36:00,2026-07-11 20:52:00,12.966140,77.610747,"The complainant Pallavi Gowda reported receiving posing as bank staff for card renewal, following which an amount was fraudulently debited from his bank account. The fraudster kept the complainant engaged on the call during the business hours and obtained the OTP. The cyber cell has been alerted and the money trail is being traced.",,
90004,301013008202690004,202690004,2026-07-11,100039,3008,3,2,8,801,1,1,2026-07-11 17:46:00,2026-07-11 23:27:00,2026-07-12 01:55:00,12.993236,77.554791,The complainant Vani Angadi reported that the victim Rajesh Desai left home near HSR Layout PS during the daytime and has not returned since. Searches in hospitals and with relatives yielded no result. A missing person report has been registered and the description circulated to all units.,,
90005,101323229202690005,202690005,2026-07-25,101032,3229,1,2,2,203,1,64,2026-07-25 17:05:00,2026-07-25 20:05:00,2026-07-25 23:20:00,16.761488,77.198466,The complainant Srinivas Swamy reported that unknown persons outraged the modesty of the victim Sumithra Gowda at the market area during the evening hours. The accused also hurled abuses when confronted by passers-by. A case has been registered and statements recorded.,,
90006,401013003202690006,202690006,2026-07-10,100020,3003,4,2,6,602,1,2,2026-07-10 17:41:00,2026-07-10 21:17:00,2026-07-11 01:10:00,12.992573,77.623786,The complainant SI Meena Reddy reported that the accused Thimmaiah Poojary and associates formed an unlawful assembly at the bus stand vicinity during the daytime in defiance of prohibitory orders. The assembly was dispersed peacefully. A case has been registered.,,
90007,101033024202690007,202690007,2026-07-11,100116,3024,1,2,4,401,1,6,2026-07-11 09:25:00,2026-07-11 13:05:00,2026-07-11 15:26:00,12.324211,76.657737,"The complainant Nandini Murthy reported that the accused Somashekar Reddy N and associates induced him to part with funds on the promise of high returns and business partnership, and cheated him of a laptop bag with documents and cash. The transactions occurred near Mysuru South PS during business hours. Documents have been seized and a case registered.",,
90184,10103302620269018,202690184,2026-07-06,100123,3026,1,2,5,501,1,5,2026-07-06 11:43:00,2026-07-06 14:48:00,2026-07-06 18:41:00,12.342425,76.615971,"The complainant Thimmaiah Rao reported receiving a courier-parcel scam call, following which an amount was fraudulently debited from his bank account. The fraudster kept the complainant engaged on the call during the business hours and obtained the OTP. The cyber cell has been alerted and the money trail is being traced.",,
90008,101013010202690008,202690008,2026-07-11,100048,3010,1,2,5,501,1,2,2026-07-11 16:40:00,2026-07-11 19:03:00,2026-07-11 22:47:00,12.933919,77.552472,"The complainant Suresh Gowda reported receiving loan-app threat messages, following which an amount was fraudulently debited from his bank account. The fraudster kept the complainant engaged on the call during the business hours and obtained the OTP. The cyber cell has been alerted and the money trail is being traced.",,
90009,101253184202690009,202690009,2026-07-03,100832,3184,1,1,3,302,1,49,2026-07-03 19:24:00,2026-07-03 19:56:00,2026-07-03 23:41:00,12.784839,77.278474,The complainant Manjula Desai stated that the accused Girish Swamy threatened him with a knife at an apartment complex during the evening hours and robbed a mobile phone. The accused escaped on a white autorickshaw. A case has been registered and CCTV footage of the vicinity is being examined.,,
90010,101343244202690010,202690010,2026-07-25,101105,3244,1,1,2,201,1,67,2026-07-25 20:41:00,2026-07-25 22:12:00,2026-07-25 22:54:00,14.193610,76.480957,"Based on the confidential statement of the victim recorded before the lady officer, a case has been registered against unknown persons for sexual assault that occurred at the bus stand vicinity during the evening hours. Medical examination was conducted at the district hospital. Further investigation is entrusted to the jurisdictional officer.",,
90011,101133106202690011,202690011,2026-07-26,100479,3106,1,2,3,305,1,25,2026-07-24 15:30:00,2026-07-24 21:11:00,2026-07-26 15:01:00,16.901142,75.750914,The complainant Venkatesh Poojary reported theft of a gold chain of 25 grams from the old town lanes during the daytime. the accused Suresh Byadgi took advantage of the crowd and escaped. A case has been registered and nearby CCTV cameras are being verified.,,
90012,101273202202690012,202690012,2026-07-12,100911,3202,1,2,1,103,1,53,2026-07-11 21:51:00,2026-07-12 00:10:00,2026-07-12 21:55:00,15.405957,75.587770,The complainant Divya Jois stated that a quarrel at a residential layout during the evening hours escalated and unknown persons assaulted the victim Shankar Shetty with a country-made pistol causing grievous injuries. The injured was treated at the taluk hospital. A case has been registered against the accused.,,
90013,101083068202690013,202690013,2026-07-10,100308,3068,1,2,1,103,1,16,2026-07-09 23:50:00,2026-07-10 02:53:00,2026-07-10 17:30:00,15.458346,74.940804,The complainant Geetha Bhat stated that a quarrel at an apartment complex during the evening hours escalated and unknown persons assaulted the victim Sowmya Hiremath with a knife causing grievous injuries. The injured was treated at the taluk hospital. A case has been registered against the accused.,,
90014,101233173202690014,202690014,2026-07-11,100780,3173,1,2,4,401,1,45,2026-07-11 11:21:00,2026-07-11 15:45:00,2026-07-11 19:28:00,13.157324,78.044601,"The complainant Suresh Achar reported that the accused Narayana Hiremath induced him to part with funds on the promise of high returns and business partnership, and cheated him of two silver anklets and cash. The transactions occurred near Kolar West PS during business hours. Documents have been seized and a case registered.",,
90015,301153121202690015,202690015,2026-07-11,100545,3121,3,2,8,802,1,29,2026-07-11 15:53:00,2026-07-11 17:18:00,2026-07-11 20:49:00,13.919338,75.425372,The complainant Yogesh Reddy reported that the victim Gayathri Poojary was found dead at the market area during the daytime under circumstances suggesting an accidental fall. Inquest proceedings were conducted and the body was shifted for post-mortem examination. A UDR case has been registered pending final opinion.,,
90016,101013011202690016,202690016,2026-07-04,100053,3011,1,1,3,301,1,1,2026-07-01 03:44:00,2026-07-01 07:20:00,2026-07-04 06:28:00,12.921618,77.596643,"The complainant Kiran Gowda reported that a gang of five to six persons armed with machetes waylaid the victims at the market area during the night hours and committed dacoity of cash of Rs 42,000 and cash. The gang escaped in a black Pulsar motorcycle. Special teams have been formed to trace the accused.",,
90017,101033025202690017,202690017,2026-07-03,100119,3025,1,2,5,502,1,6,2026-07-03 16:00:00,2026-07-03 20:07:00,2026-07-03 20:54:00,12.315155,76.646060,The complainant Veeresh Murthy reported that his identity documents and card credentials were misused by unknown persons after an OTP fraud call claiming KYC expiry. Unauthorized transactions were noticed during the business hours. A case under the IT Act has been registered and the service provider has been notified.,,
90185,101363088202690185,202690185,2026-07-06,100395,3088,1,2,5,501,1,20,2026-07-06 08:04:00,2026-07-06 13:07:00,2026-07-06 14:13:00,15.981575,74.872528,"The complainant Manjunath Byadgi reported receiving posing as fake police on beat duty, following which an amount was fraudulently debited from his bank account. The fraudster kept the complainant engaged on the call during the business hours and obtained the OTP. The cyber cell has been alerted and the money trail is being traced.",,
90018,101113090202690018,202690018,2026-07-12,100410,3090,1,1,1,104,1,21,2026-07-11 18:16:00,2026-07-11 18:27:00,2026-07-12 09:08:00,17.375163,76.844244,The complainant Manjunath Naik reported that the victim Veeresh Angadi was forcibly taken away from the bus stand vicinity during the daytime by the accused Shankar Murthy and associates in a white autorickshaw. Search teams were formed and neighbouring stations were alerted. Investigation is in progress.,,
90019,101013002202690019,202690019,2026-07-11,100014,3002,1,2,3,305,1,1,2026-07-11 12:24:00,2026-07-11 12:38:00,2026-07-11 13:34:00,12.989804,77.634510,"The complainant Sowmya Achar reported theft of cash of Rs 42,000 from a residential layout during the daytime. unknown persons took advantage of the crowd and escaped. A case has been registered and nearby CCTV cameras are being verified.",,
90020,101013005202690020,202690020,2026-07-11,100026,3005,1,2,5,501,1,1,2026-07-11 15:43:00,2026-07-11 18:35:00,2026-07-11 19:41:00,12.995247,77.583650,"The complainant Raghavendra Naik reported receiving a courier-parcel scam call, following which an amount was fraudulently debited from his bank account. The fraudster kept the complainant engaged on the call during the business hours and obtained the OTP. The cyber cell has been alerted and the money trail is being traced.",,
90021,101013003202690021,202690021,2026-07-03,100019,3003,1,2,7,701,1,1,2026-07-03 18:51:00,2026-07-03 20:13:00,2026-07-03 23:00:00,12.980113,77.611685,"On credible information, the raiding party intercepted unknown persons at the main road during the evening hours and seized contraband ganja along with a white autorickshaw used for transport. The complainant SI Harish Hiremath of the detection staff lodged the report. Seizure was effected in the presence of panch witnesses.",,
90022,101273200202690022,202690022,2026-07-02,100902,3200,1,2,3,305,1,54,2026-07-02 12:15:00,2026-07-02 16:36:00,2026-07-02 19:22:00,15.456346,75.663053,The complainant Harish Achar reported theft of a mobile phone from an apartment complex during the daytime. unknown persons took advantage of the crowd and escaped. A case has been registered and nearby CCTV cameras are being verified.,,
90023,101013009202690023,202690023,2026-07-03,100043,3009,1,2,5,501,1,2,2026-07-03 14:29:00,2026-07-03 19:39:00,2026-07-03 22:08:00,12.955683,77.544695,"The complainant Nandini Murthy reported receiving loan-app threat messages, following which an amount was fraudulently debited from his bank account. The fraudster kept the complainant engaged on the call during the business hours and obtained the OTP. The cyber cell has been alerted and the money trail is being traced.",,
90024,801323231202690024,202690024,2026-07-25,101039,3231,8,2,4,401,1,63,2026-07-25 14:57:00,2026-07-25 18:18:00,2026-07-25 20:29:00,16.899636,77.088428,"The complainant Gopal Murthy reported that unknown persons induced him to part with funds on the promise of high returns and business partnership, and cheated him of a laptop bag with documents and cash. The transactions occurred near Yadgir East PS during business hours. Documents have been seized and a case registered.",,
90025,101013005202690025,202690025,2026-07-10,100026,3005,1,2,3,306,1,2,2026-07-10 03:44:00,2026-07-10 06:04:00,2026-07-10 08:19:00,13.004903,77.575650,The complainant Vinay Swamy reported that his vehicle parked at the old town lanes was stolen during the night hours. The lock appears to have been tampered by duplicate key entry. the accused Shivakumar Bhat and associates are suspected to have escaped towards the highway. Vehicle details have been circulated to all check-posts.,,
90026,101143114202690026,202690026,2026-07-11,100515,3114,1,2,5,501,1,27,2026-07-11 15:41:00,2026-07-11 16:54:00,2026-07-11 20:39:00,14.465276,75.998768,"The complainant Anand Desai reported receiving loan-app threat messages, following which an amount was fraudulently debited from his bank account. The fraudster kept the complainant engaged on the call during the business hours and obtained the OTP. The cyber cell has been alerted and the money trail is being traced.",,
90027,101313226202690027,202690027,2026-07-03,101015,3226,1,2,7,701,1,61,2026-07-03 19:17:00,2026-07-03 21:05:00,2026-07-03 23:05:00,15.283997,76.141863,"On credible information, the raiding party intercepted unknown persons at a residential layout during the evening hours and seized contraband ganja along with a stolen scooter used for transport. The complainant SI Nandini Angadi of the detection staff lodged the report. Seizure was effected in the presence of panch witnesses.",,
90186,101013011202690186,202690186,2026-07-23,100052,,1,2,3,305,1,1,2026-07-22 17:54:00,2026-07-22 21:36:00,2026-07-23 09:15:00,12.937955,77.589814,The complainant Roopa Angadi reported theft of a gold mangalsutra from an apartment complex during the daytime. the accused Somashekar Kumar took advantage of the crowd and escaped. A case has been registered and nearby CCTV cameras are being verified.,,
90028,101033024202690028,202690028,2026-07-02,100118,3024,1,2,5,503,1,5,2026-07-02 13:01:00,2026-07-02 17:32:00,2026-07-02 21:16:00,12.316265,76.662175,"The complainant Sumithra Setty reported that unknown persons circulated defamatory and obscene content about the victim Venkatesh Naik on social media during the business hours, and sent threatening messages using loan-app threat messages. Screenshots were secured in the presence of witnesses. A case has been registered.",,
90029,101233175202690029,202690029,2026-07-26,100788,3175,1,1,1,101,1,45,2026-07-24 08:06:00,2026-07-24 11:47:00,2026-07-26 13:17:00,13.101650,78.126942,The complainant Geetha Achar reported that the victim Santhosh Hegde was assaulted with a wooden club at an apartment complex near Kolar South PS limits during the evening hours. The victim succumbed to injuries on the spot. unknown persons fled the scene and a case of murder has been registered. Inquest and scene-of-crime procedures were completed.,,
90030,101133112202690030,202690030,2026-07-11,100504,3112,1,2,5,503,1,25,2026-07-11 15:26:00,2026-07-11 19:25:00,2026-07-11 22:00:00,16.720713,75.694932,"The complainant Shivakumar Poojary reported that the accused Basavaraj Poojary circulated defamatory and obscene content about the victim Krishnappa Kumar on social media during the business hours, and sent threatening messages using loan-app threat messages. Screenshots were secured in the presence of witnesses. A case has been registered.",,
90031,101063051202690031,202690031,2026-07-03,100232,3051,1,2,3,305,1,11,2026-07-03 10:23:00,2026-07-03 12:01:00,2026-07-03 13:51:00,12.853740,75.186274,The complainant Basavaraj Desai reported theft of a mobile phone from the old town lanes during the daytime. the accused Srinivas Bhat took advantage of the crowd and escaped. A case has been registered and nearby CCTV cameras are being verified.,,
90032,101013014202690032,202690032,2026-07-25,100063,3014,1,2,6,602,1,2,2026-07-25 16:02:00,2026-07-25 19:42:00,2026-07-25 22:38:00,12.946436,77.649830,The complainant SI Veeresh Rao reported that unknown persons formed an unlawful assembly at the bus stand vicinity during the daytime in defiance of prohibitory orders. The assembly was dispersed peacefully. A case has been registered.,,
90033,101013005202690033,202690033,2026-07-26,100028,3005,1,2,3,305,1,2,2026-07-23 18:43:00,2026-07-23 22:31:00,2026-07-26 20:44:00,12.993193,77.589799,"The complainant Mahesh Byadgi reported theft of cash of Rs 42,000 from the market area during the daytime. unknown persons took advantage of the crowd and escaped. A case has been registered and nearby CCTV cameras are being verified.",,
90034,101103084202690034,202690034,2026-07-03,100377,3084,1,2,1,103,1,19,2026-07-03 18:33:00,2026-07-03 19:12:00,2026-07-03 21:56:00,16.182714,74.744327,The complainant Girish Shetty stated that a quarrel at the main road during the evening hours escalated and unknown persons assaulted the victim Narayana Setty with a wooden club causing grievous injuries. The injured was treated at the taluk hospital. A case has been registered against the accused.,,
90035,101013013202690035,202690035,2026-07-03,100058,3013,1,2,4,401,1,2,2026-07-03 09:47:00,2026-07-03 11:24:00,2026-07-03 13:33:00,12.954236,77.647405,"The complainant Nagaraj Patil reported that unknown persons induced him to part with funds on the promise of high returns and business partnership, and cheated him of a mobile phone and cash. The transactions occurred near KR Puram PS during business hours. Documents have been seized and a case registered.",,
90036,101013011202690036,202690036,2026-07-03,100054,3011,1,2,6,602,1,2,2026-07-03 17:48:00,2026-07-03 21:52:00,2026-07-03 23:28:00,12.923652,77.585944,The complainant SI Roopa Naik reported that unknown persons formed an unlawful assembly at the market area during the daytime in defiance of prohibitory orders. The assembly was dispersed peacefully. A case has been registered.,,
90037,101013003202690037,202690037,2026-07-03,100017,3003,1,1,1,102,1,1,2026-07-01 23:03:00,2026-07-02 00:51:00,2026-07-03 10:43:00,12.996711,77.618784,"On the statement of Sowmya Setty, it is alleged that unknown persons attacked the victim Somashekar Achar with a machete at the main road during the evening hours with intent to kill. The victim sustained serious injuries and was shifted to the government hospital. Investigation has been taken up.",,
90187,101283206202690187,202690187,2026-07-21,100929,3206,1,2,5,501,1,55,2026-07-21 14:41:00,2026-07-21 19:10:00,2026-07-21 22:13:00,28.6139,77.2090,"The complainant Basavaraj Hegde reported receiving an OTP fraud call claiming KYC expiry, following which an amount was fraudulently debited from his bank account. The fraudster kept the complainant engaged on the call during the business hours and obtained the OTP. The cyber cell has been alerted and the money trail is being traced.",,
90038,101013004202690038,202690038,2026-07-26,100023,3004,1,2,5,501,1,2,2026-07-23 15:38:00,2026-07-23 17:27:00,2026-07-26 10:47:00,13.014826,77.600735,"The complainant Anitha Bhat reported receiving loan-app threat messages, following which an amount was fraudulently debited from his bank account. The fraudster kept the complainant engaged on the call during the business hours and obtained the OTP. The cyber cell has been alerted and the money trail is being traced.",,
90039,101013005202690039,202690039,2026-07-03,100027,3005,1,2,2,202,1,1,2026-07-03 17:50:00,2026-07-03 22:42:00,2026-07-04 01:34:00,13.005924,77.585608,"The complainant Muniraju Hegde stated that her husband and in-laws subjected her to physical and mental cruelty at their residence near Koramangala PS over a prolonged period, including demands for additional dowry. She was treated for injuries after an incident during the daytime. A case has been registered.",,
90040,301183142202690040,202690040,2026-07-03,100638,3142,3,2,8,802,1,35,2026-06-30 08:48:00,2026-06-30 10:57:00,2026-07-03 15:34:00,12.926839,76.072394,The complainant Nandini Poojary reported that the victim Kavya Naik was found dead at the bus stand vicinity during the daytime under circumstances suggesting an accidental fall. Inquest proceedings were conducted and the body was shifted for post-mortem examination. A UDR case has been registered pending final opinion.,,
90041,101083072202690041,202690041,2026-07-03,100326,3072,1,1,2,204,1,15,2026-07-03 07:13:00,2026-07-03 08:19:00,2026-07-03 17:32:00,15.435472,75.064162,"It is reported by Basavaraj Shetty that the victim Pallavi Hiremath died under unnatural circumstances at her matrimonial home near Dharwad District Taluk PS within seven years of marriage, following persistent dowry harassment. Inquest was conducted in the presence of the taluk executive magistrate. A case has been registered against the husband and in-laws.",,
90042,101033029202690042,202690042,2026-07-26,100138,3029,1,2,3,305,1,6,2026-07-23 10:42:00,2026-07-23 15:50:00,2026-07-26 17:17:00,12.275933,76.629271,"The complainant Kiran Swamy reported theft of cash of Rs 42,000 from a residential layout during the daytime. unknown persons took advantage of the crowd and escaped. A case has been registered and nearby CCTV cameras are being verified.",,
90043,401143114202690043,202690043,2026-07-10,100514,3114,4,2,3,305,1,28,2026-07-10 12:42:00,2026-07-10 16:47:00,2026-07-10 19:00:00,14.496155,76.027697,The complainant Jyothi Reddy reported theft of two silver anklets from an apartment complex during the daytime. the accused Prakash Murthy and associates took advantage of the crowd and escaped. A case has been registered and nearby CCTV cameras are being verified.,,
90044,101283207202690044,202690044,2026-07-03,100933,3207,1,1,1,101,1,55,2026-07-03 05:05:00,2026-07-03 05:48:00,2026-07-03 20:37:00,14.727296,75.371015,The complainant Saraswathi Hiremath reported that the victim Sandeep Gowda was assaulted with a wooden club at an apartment complex near Haveri West PS limits during the evening hours. The victim succumbed to injuries on the spot. unknown persons fled the scene and a case of murder has been registered. Inquest and scene-of-crime procedures were completed.,,
90045,101013004202690045,202690045,2026-07-02,100021,3004,1,2,3,306,1,2,2026-07-02 02:40:00,2026-07-02 07:45:00,2026-07-02 09:58:00,13.007591,77.609672,The complainant Vani Hegde reported that his vehicle parked at a residential layout was stolen during the night hours. The lock appears to have been tampered by window grill removal. unknown persons are suspected to have escaped towards the highway. Vehicle details have been circulated to all check-posts.,,
90046,101033026202690046,202690046,2026-07-17,100123,3026,1,1,2,201,1,5,2026-07-17 10:06:00,2026-07-17 14:07:00,2026-07-17 15:14:00,12.343882,76.620727,"Based on the confidential statement of the victim recorded before the lady officer, a case has been registered against the accused Ganesh Angadi for sexual assault that occurred at the market area during the evening hours. Medical examination was conducted at the district hospital. Further investigation is entrusted to the jurisdictional officer.",,
90047,101013009202690047,202690047,2026-07-02,100045,3009,1,2,3,305,1,2,2026-07-02 05:24:00,2026-07-02 08:32:00,2026-07-02 17:14:00,12.966428,77.546642,The complainant Veeresh Jois reported theft of a laptop bag with documents from the market area during the daytime. the accused Narayana Patil and associates took advantage of the crowd and escaped. A case has been registered and nearby CCTV cameras are being verified.,,
90188,101013013202690188,202690188,15/13/2026,100060,3013,1,2,7,701,1,1,2026-07-21 21:07:00,2026-07-21 23:31:00,2026-07-22 01:59:00,12.938676,77.635498,"On credible information, the raiding party intercepted the accused Shivakumar Achar at the main road during the evening hours and seized contraband ganja along with a grey Maruti Omni van used for transport. The complainant PI Nagaraj Naik of the detection staff lodged the report. Seizure was effected in the presence of panch witnesses.",,
90048,301323233202690048,202690048,2026-07-17,101048,3233,3,2,8,801,1,63,2026-07-17 11:43:00,2026-07-17 13:32:00,2026-07-17 15:59:00,16.746017,77.082064,The complainant Gopal Gowda reported that the victim Kiran Poojary left home near Yadgir North PS during the daytime and has not returned since. Searches in hospitals and with relatives yielded no result. A missing person report has been registered and the description circulated to all units.,,
90049,301013001202690049,202690049,2026-07-10,100011,3001,3,2,8,801,1,2,2026-07-09 11:45:00,2026-07-09 17:32:00,2026-07-10 09:14:00,12.973660,77.619030,The complainant Kavya Patil reported that the victim Roopa Hiremath left home near Peenya PS during the daytime and has not returned since. Searches in hospitals and with relatives yielded no result. A missing person report has been registered and the description circulated to all units.,,
90050,101313220202690050,202690050,2026-07-12,100995,3220,1,1,3,302,1,61,2026-07-08 21:37:00,2026-07-09 02:34:00,2026-07-12 12:53:00,15.356559,76.199622,The complainant Lakshmamma Poojary stated that the accused Gopal Achar and associates threatened him with a country-made pistol at the bus stand vicinity during the evening hours and robbed a gold chain of 25 grams. The accused escaped on a two-wheeler without number plate. A case has been registered and CCTV footage of the vicinity is being examined.,,
90051,301103082202690051,202690051,2026-07-02,100372,3082,3,2,8,801,1,20,2026-07-02 08:08:00,2026-07-02 08:55:00,2026-07-02 18:49:00,16.135609,74.806272,The complainant Basavaraj Kulkarni reported that the victim Santhosh Naik left home near Belagavi District Rural PS during the daytime and has not returned since. Searches in hospitals and with relatives yielded no result. A missing person report has been registered and the description circulated to all units.,,
90052,101013003202690052,202690052,2026-07-03,100018,3003,1,2,2,203,1,2,2026-06-30 15:53:00,2026-06-30 18:55:00,2026-07-03 08:30:00,12.975019,77.611754,The complainant Chaitra Hiremath reported that the accused Thimmaiah Hiremath outraged the modesty of the victim Vani Shetty at the old town lanes during the evening hours. The accused also hurled abuses when confronted by passers-by. A case has been registered and statements recorded.,,
90053,101013007202690053,202690053,2026-07-03,100033,3007,1,2,3,305,1,1,2026-07-02 17:16:00,2026-07-02 22:42:00,2026-07-03 18:27:00,13.000262,77.547981,The complainant Divya Kumar reported theft of a laptop bag with documents from a residential layout during the daytime. the accused Narayana Hiremath took advantage of the crowd and escaped. A case has been registered and nearby CCTV cameras are being verified.,,
90054,101103083202690054,202690054,2026-07-17,100375,3083,1,2,5,501,1,19,2026-07-17 12:41:00,2026-07-17 17:59:00,2026-07-17 21:34:00,16.151616,74.771074,"The complainant Puneeth Desai reported receiving posing as bank staff for card renewal, following which an amount was fraudulently debited from his bank account. The fraudster kept the complainant engaged on the call during the business hours and obtained the OTP. The cyber cell has been alerted and the money trail is being traced.",,
90055,101343247202690055,202690055,2026-07-11,101114,3247,1,2,3,306,1,68,2026-07-11 20:04:00,2026-07-11 22:13:00,2026-07-11 23:03:00,14.257983,76.402600,The complainant Thimmaiah Bhat reported that his vehicle parked at an apartment complex was stolen during the night hours. The lock appears to have been tampered by gas-cutter on the shutter. the accused Muniraju Byadgi are suspected to have escaped towards the highway. Vehicle details have been circulated to all check-posts.,,
90056,101063054202690056,202690056,2026-07-02,100241,3054,1,2,3,305,1,12,2026-07-02 08:58:00,2026-07-02 14:56:00,2026-07-02 16:58:00,12.771414,75.316573,"The complainant Girish Poojary reported theft of cash of Rs 42,000 from the old town lanes during the daytime. the accused Venkatesh Hiremath and associates took advantage of the crowd and escaped. A case has been registered and nearby CCTV cameras are being verified.",,
90057,301103088202690057,202690057,2026-07-03,100396,3088,3,2,8,801,1,19,2026-07-01 00:51:00,2026-07-01 02:50:00,2026-07-03 10:09:00,15.986669,74.858415,The complainant Deepa Achar reported that the victim Shruthi Naik left home near Belagavi District Market PS during the daytime and has not returned since. Searches in hospitals and with relatives yielded no result. A missing person report has been registered and the description circulated to all units.,,
90189,101183139202690189,202690189,2026-07-23,100624,3139,1,2,7,701,1,36,2026-07-22 16:36:00,2026-07-22 18:42:00,2026-07-23 08:15:00,13.079739,76.086842,"On credible information, the raiding party intercepted unknown persons at an apartment complex during the evening hours and seized contraband ganja along with a black Pulsar motorcycle used for transport. The complainant SI Shankar Poojary of the detection staff lodged the report. Seizure was effected in the presence of panch witnesses. Repeated narrative padding. Repeated narrative padding. Repeated narrative padding. Repeated narrative padding. Repeated narrative padding. Repeated narrative padding. Repeated narrative padding. Repeated narrative padding. Repeated narrative padding. Repeated narrative padding. Repeated narrative padding. Repeated narrative padding. Repeated narrative padding. Repeated narrative padding. Repeated narrative padding. Repeated narrative padding. Repeated narrative padding. Repeated narrative padding. Repeated narrative padding. Repeated narrative padding. Repeated narrative padding. Repeated narrative padding. Repeated narrative padding. Repeated narrative padding. Repeated narrative padding. Repeated narrative padding. Repeated narrative padding. Repeated narrative padding. Repeated narrative padding. Repeated narrative padding. Repeated narrative padding. Repeated narrative padding. Repeated narrative padding. Repeated narrative padding. Repeated narrative padding. Repeated narrative padding. Repeated narrative padding. Repeated narrative padding. Repeated narrative padding. Repeated narrative padding. Repeated narrative padding. Repeated narrative padding. Repeated narrative padding. Repeated narrative padding. Repeated narrative padding. Repeated narrative padding. Repeated narrative padding. Repeated narrative padding. Repeated narrative padding. Repeated narrative padding. Repeated narrative padding. Repeated narrative padding. Repeated narrative padding. Repeated narrative padding. Repeated narrative padding. Repeated narrative padding. Repeated narrative padding. Repeated narrative padding. Repeated narrative padding. Repeated narrative padding. Repeated narrative padding. Repeated narrative padding. Repeated narrative padding. Repeated narrative padding. Repeated narrative padding. Repeated narrative padding. Repeated narrative padding. Repeated narrative padding. Repeated narrative padding. Repeated narrative padding. Repeated narrative padding. Repeated narrative padding. Repeated narrative padding. Repeated narrative padding. Repeated narrative padding. Repeated narrative padding. Repeated narrative padding. Repeated narrative padding. Repeated narrative padding. Repeated narrative padding. Repeated narrative padding. Repeated narrative padding. Repeated narrative padding. Repeated narrative padding. Repeated narrative padding. Repeated narrative padding. Repeated narrative padding. Repeated narrative padding. Repeated narrative padding. Repeated narrative padding. Repeated narrative padding. Repeated narrative padding. Repeated narrative padding. Repeated narrative padding. Repeated narrative padding. Repeated narrative padding. Repeated narrative padding. Repeated narrative padding. Repeated narrative padding. Repeated narrative padding. Repeated narrative padding. Repeated narrative padding. Repeated narrative padding. Repeated narrative padding. Repeated narrative padding. Repeated narrative padding. Repeated narrative padding. Repeated narrative padding. Repeated narrative padding. Repeated narrative padding. Repeated narrative padding. Repeated narrative padding. Repeated narrative padding. Repeated narrative padding. Repeated narrative padding. Repeated narrative padding. Repeated narrative padding. Repeated narrative padding. Repeated narrative padding. Repeated narrative padding. Repeated narrative padding. Repeated narrative padding. Repeated narrative padding. Repeated narrative padding. Repeated narrative padding. Repeated narrative padding. Repeated narrative padding. Repeated narrative padding. Repeated narrative padding. Repeated narrative padding. Repeated narrative padding. Repeated narrative padding. Repeated narrative padding. Repeated narrative padding. Repeated narrative padding. Repeated narrative padding. Repeated narrative padding. Repeated narrative padding. Repeated narrative padding. Repeated narrative padding. Repeated narrative padding. Repeated narrative padding. Repeated narrative padding. Repeated narrative padding. Repeated narrative padding. Repeated narrative padding. Repeated narrative padding. Repeated narrative padding. Repeated narrative padding. Repeated narrative padding. Repeated narrative padding. Repeated narrative padding. Repeated narrative padding. Repeated narrative padding. Repeated narrative padding. Repeated narrative padding. Repeated narrative padding. Repeated narrative padding. Repeated narrative padding. Repeated narrative padding. Repeated narrative padding. Repeated narrative padding. Repeated narrative padding. Repeated narrative padding. Repeated narrative padding. Repeated narrative padding. Repeated narrative padding. Repeated narrative padding. Repeated narrative padding. Repeated narrative padding. Repeated narrative padding. Repeated narrative padding. Repeated narrative padding. Repeated narrative padding. Repeated narrative padding. Repeated narrative padding. Repeated narrative padding. Repeated narrative padding. Repeated narrative padding. Repeated narrative padding. Repeated narrative padding. Repeated narrative padding. Repeated narrative padding. Repeated narrative padding. Repeated narrative padding. Repeated narrative padding. Repeated narrative padding. Repeated narrative padding. Repeated narrative padding. Repeated narrative padding. Repeated narrative padding. Repeated narrative padding. Repeated narrative padding. Repeated narrative padding. Repeated narrative padding. Repeated narrative padding. Repeated narrative padding. Repeated narrative padding. Repeated narrative padding. Repeated narrative padding. Repeated narrative padding. Repeated narrative padding. Repeated narrative padding. Repeated narrative padding. Repeated narrative padding. Repeated narrative padding. Repeated narrative padding. Repeated narrative padding. Repeated narrative padding. Repeated narrative padding. Repeated narrative padding. Repeated narrative padding. Repeated narrative padding. Repeated narrative padding. Repeated narrative padding. Repeated narrative padding. Repeated narrative padding. Repeated narrative padding. Repeated narrative padding. Repeated narrative padding. Repeated narrative padding. Repeated narrative padding. Repeated narrative padding. Repeated narrative padding. Repeated narrative padding. Repeated narrative padding. Repeated narrative padding. Repeated narrative padding. Repeated narrative padding. Repeated narrative padding. Repeated narrative padding. Repeated narrative padding. Repeated narrative padding. Repeated narrative padding. Repeated narrative padding. Repeated narrative padding. Repeated narrative padding. Repeated narrative padding. Repeated narrative padding. Repeated narrative padding. Repeated narrative padding. Repeated narrative padding. Repeated narrative padding. Repeated narrative padding. Repeated narrative padding. Repeated narrative padding. Repeated narrative padding. Repeated narrative padding. Repeated narrative padding. Repeated narrative padding. Repeated narrative padding. Repeated narrative padding. Repeated narrative padding. Repeated narrative padding. Repeated narrative padding. Repeated narrative padding. Repeated narrative padding. Repeated narrative padding. Repeated narrative padding. Repeated narrative padding. Repeated narrative padding. Repeated narrative padding. Repeated narrative padding. Repeated narrative padding. Repeated narrative padding. Repeated narrative padding. Repeated narrative padding. Repeated narrative padding. Repeated narrative padding. Repeated narrative padding. Repeated narrative padding. Repeated narrative padding. Repeated narrative padding. Repeated narrative padding. Repeated narrative padding. Repeated narrative padding. Repeated narrative padding. Repeated narrative padding. Repeated narrative padding. Repeated narrative padding. Repeated narrative padding. Repeated narrative padding. Repeated narrative padding. Repeated narrative padding. Repeated narrative padding. Repeated narrative padding. Repeated narrative padding. Repeated narrative padding. Repeated narrative padding. Repeated narrative padding. Repeated narrative padding. Repeated narrative padding. Repeated narrative padding. Repeated narrative padding. Repeated narrative padding. Repeated narrative padding. Repeated narrative padding. Repeated narrative padding. Repeated narrative padding. Repeated narrative padding. Repeated narrative padding. Repeated narrative padding. Repeated narrative padding. Repeated narrative padding. Repeated narrative padding. Repeated narrative padding. Repeated narrative padding. Repeated narrative padding. Repeated narrative padding. Repeated narrative padding. Repeated narrative padding. Repeated narrative padding. Repeated narrative padding. Repeated narrative padding. Repeated narrative padding. Repeated narrative padding. Repeated narrative padding. Repeated narrative padding. Repeated narrative padding. Repeated narrative padding. Repeated narrative padding. Repeated narrative padding. Repeated narrative padding. Repeated narrative padding. Repeated narrative padding. Repeated narrative padding. Repeated narrative padding. Repeated narrative padding. Repeated narrative padding. Repeated narrative padding. Repeated narrative padding. Repeated narrative padding. Repeated narrative padding. Repeated narrative padding. Repeated narrative padding. Repeated narrative padding. Repeated narrative padding. Repeated narrative padding. Repeated narrative padding. Repeated narrative padding. Repeated narrative padding. Repeated narrative padding. Repeated narrative padding. Repeated narrative padding. Repeated narrative padding. Repeated narrative padding. Repeated narrative padding. Repeated narrative padding. Repeated narrative padding. Repeated narrative padding. Repeated narrative padding. Repeated narrative padding. Repeated narrative padding. Repeated narrative padding. Repeated narrative padding. Repeated narrative padding. Repeated narrative padding. Repeated narrative padding. Repeated narrative padding. Repeated narrative padding. Repeated narrative padding. Repeated narrative padding. Repeated narrative padding. Repeated narrative padding. Repeated narrative padding. Repeated narrative padding. Repeated narrative padding. Repeated narrative padding. Repeated narrative padding. Repeated narrative padding. Repeated narrative padding. Repeated narrative padding. Repeated narrative padding. Repeated narrative padding. Repeated narrative padding. Repeated narrative padding. Repeated narrative padding. Repeated narrative padding. Repeated narrative padding. Repeated narrative padding. Repeated narrative padding. Repeated narrative padding. Repeated narrative padding. Repeated narrative padding. Repeated narrative padding. Repeated narrative padding. Repeated narrative padding. Repeated narrative padding. Repeated narrative padding. Repeated narrative padding. Repeated narrative padding. Repeated narrative padding. Repeated narrative padding. Repeated narrative padding. Repeated narrative padding. Repeated narrative padding. Repeated narrative padding. Repeated narrative padding. Repeated narrative padding. Repeated narrative padding. ",,
90058,101093074202690058,202690058,2026-07-17,100336,3074,1,1,3,302,1,17,2026-07-17 00:47:00,2026-07-17 03:23:00,2026-07-17 18:23:00,15.866809,74.511433,The complainant Anitha Naik stated that the accused Nagaraj Kulkarni and associates threatened him with a country-made pistol at a residential layout during the evening hours and robbed a mobile phone. The accused escaped on a two-wheeler without number plate. A case has been registered and CCTV footage of the vicinity is being examined.,,
90059,101063050202690059,202690059,2026-07-19,100227,3050,1,2,5,501,1,11,2026-07-18 12:00:00,2026-07-18 16:10:00,2026-07-19 12:29:00,12.948694,75.295362,"The complainant Manjula Naik reported receiving posing as bank staff for card renewal, following which an amount was fraudulently debited from his bank account. The fraudster kept the complainant engaged on the call during the business hours and obtained the OTP. The cyber cell has been alerted and the money trail is being traced.",,
90060,101183140202690060,202690060,2026-07-04,100629,3140,1,2,4,401,1,35,2026-07-01 13:09:00,2026-07-01 16:57:00,2026-07-04 15:22:00,13.108328,76.071661,"The complainant Savitha Hiremath reported that the accused Ravi Angadi and associates induced him to part with funds on the promise of high returns and business partnership, and cheated him of a gold mangalsutra and cash. The transactions occurred near Hassan East PS during business hours. Documents have been seized and a case registered.",,
90061,101143117202690061,202690061,2026-07-02,100526,3117,1,2,4,401,1,28,2026-07-02 09:05:00,2026-07-02 14:46:00,2026-07-02 16:52:00,14.340832,75.897092,"The complainant Vinay Kulkarni reported that the accused Anand Rao and associates induced him to part with funds on the promise of high returns and business partnership, and cheated him of a gold chain of 25 grams and cash. The transactions occurred near Davanagere West PS during business hours. Documents have been seized and a case registered.",,
90062,101063052202690062,202690062,2026-07-02,100236,3052,1,2,5,501,1,12,2026-07-02 13:31:00,2026-07-02 15:28:00,2026-07-02 17:37:00,12.836756,75.209996,"The complainant Nandini Bhat reported receiving an OTP fraud call claiming KYC expiry, following which an amount was fraudulently debited from his bank account. The fraudster kept the complainant engaged on the call during the business hours and obtained the OTP. The cyber cell has been alerted and the money trail is being traced.",,
90063,101013014202690063,202690063,2026-07-17,100062,3014,1,2,3,307,1,2,2026-07-17 00:40:00,2026-07-17 05:35:00,2026-07-17 15:01:00,12.969248,77.748863,"The complainant Raghavendra Bhat stated that while she was walking near the bus stand vicinity during the night hours, the accused Thimmaiah Byadgi and associates riding a grey Maruti Omni van snatched a gold chain of 25 grams from her neck and sped away. She sustained minor injuries in the incident. A case has been registered and rider details are being verified from CCTV.",,
90064,101013007202690064,202690064,2026-07-19,100035,3007,1,1,1,104,1,1,2026-07-17 17:37:00,2026-07-17 21:05:00,2026-07-19 12:14:00,12.974963,77.569621,The complainant Sowmya Patil reported that the victim Gayathri Naik was forcibly taken away from an apartment complex during the daytime by unknown persons in a stolen scooter. Search teams were formed and neighbouring stations were alerted. Investigation is in progress.,,
90065,101073058202690065,202690065,2026-07-10,100265,3058,1,2,3,305,1,13,2026-07-09 07:32:00,2026-07-09 12:44:00,2026-07-10 18:30:00,15.401810,75.109214,The complainant Dinesh Angadi reported theft of a gold chain of 25 grams from the market area during the daytime. unknown persons took advantage of the crowd and escaped. A case has been registered and nearby CCTV cameras are being verified.,,
90066,101113095202690066,202690066,2026-07-04,100424,3095,1,1,1,104,1,21,2026-07-01 19:47:00,2026-07-02 01:36:00,2026-07-04 20:36:00,17.294357,76.808914,The complainant Darshan Patil reported that the victim Sumithra Hegde was forcibly taken away from the market area during the daytime by unknown persons in a grey Maruti Omni van. Search teams were formed and neighbouring stations were alerted. Investigation is in progress.,,
90067,301093076202690067,202690067,2026-07-03,100345,3076,3,2,8,801,1,18,2026-07-03 17:20:00,2026-07-03 18:22:00,2026-07-03 21:01:00,15.872409,74.477676,The complainant Santhosh Kulkarni reported that the victim Anitha Bhat left home near Belagavi West PS during the daytime and has not returned since. Searches in hospitals and with relatives yielded no result. A missing person report has been registered and the description circulated to all units.,,
90190,101013009202690001,202690001,2026-07-21,100043,3009,1,2,5,501,1,2,2026-07-21 14:53:00,2026-07-21 16:31:00,2026-07-21 20:24:00,12.949822,77.550451,"The complainant Muniraju Swamy reported receiving posing as bank staff for card renewal, following which an amount was fraudulently debited from his bank account. The fraudster kept the complainant engaged on the call during the business hours and obtained the OTP. The cyber cell has been alerted and the money trail is being traced.",,
90068,801093079202690068,202690068,2026-07-03,100356,3079,8,2,5,502,1,17,2026-07-02 09:29:00,2026-07-02 11:04:00,2026-07-03 09:31:00,15.818623,74.492092,The complainant Kavya Desai reported that his identity documents and card credentials were misused by the accused Geetha Jois and associates after posing as fake police on beat duty. Unauthorized transactions were noticed during the business hours. A case under the IT Act has been registered and the service provider has been notified.,,
90069,101103083202690069,202690069,2026-07-17,100376,3083,1,2,3,305,1,19,2026-07-17 15:24:00,2026-07-17 20:27:00,2026-07-17 23:07:00,16.174100,74.795167,The complainant Shivakumar Bhat reported theft of a mobile phone from the main road during the daytime. the accused Prakash Gowda and associates took advantage of the crowd and escaped. A case has been registered and nearby CCTV cameras are being verified.,,
90070,101073063202690070,202690070,2026-07-17,100281,3063,1,2,3,306,1,14,2026-07-16 23:30:00,2026-07-17 00:54:00,2026-07-17 11:51:00,15.350385,75.135909,The complainant Kavya Achar reported that his vehicle parked at the bus stand vicinity was stolen during the night hours. The lock appears to have been tampered by gas-cutter on the shutter. the accused Puneeth Gowda are suspected to have escaped towards the highway. Vehicle details have been circulated to all check-posts.,,
90071,101143115202690071,202690071,2026-07-19,100519,3115,1,1,3,301,1,27,2026-07-17 21:36:00,2026-07-18 00:18:00,2026-07-19 16:14:00,14.504572,75.884604,"The complainant Shobha Shetty reported that a gang of five to six persons armed with country-made pistols waylaid the victims at the bus stand vicinity during the night hours and committed dacoity of cash of Rs 42,000 and cash. The gang escaped in a white autorickshaw. Special teams have been formed to trace the accused.",,
90072,101013004202690072,202690072,2026-07-02,100023,3004,1,1,1,104,1,1,2026-07-02 13:09:00,2026-07-02 16:09:00,2026-07-02 21:49:00,13.003057,77.602679,The complainant Narayana Swamy reported that the victim Puneeth Reddy was forcibly taken away from the market area during the daytime by unknown persons in a grey Maruti Omni van. Search teams were formed and neighbouring stations were alerted. Investigation is in progress.,,
90073,101343248202690073,202690073,2026-07-03,101119,3248,1,2,5,501,1,68,2026-07-01 16:01:00,2026-07-01 19:13:00,2026-07-03 13:26:00,14.250152,76.351405,"The complainant Dinesh Murthy reported receiving posing as fake police on beat duty, following which an amount was fraudulently debited from his bank account. The fraudster kept the complainant engaged on the call during the business hours and obtained the OTP. The cyber cell has been alerted and the money trail is being traced.",,
90074,101013014202690074,202690074,2026-07-03,100061,3014,1,2,5,502,1,1,2026-07-02 08:16:00,2026-07-02 12:02:00,2026-07-03 18:39:00,12.945743,77.668050,The complainant Girish Rao reported that his identity documents and card credentials were misused by unknown persons after posing as bank staff for card renewal. Unauthorized transactions were noticed during the business hours. A case under the IT Act has been registered and the service provider has been notified.,,
90075,101183140202690075,202690075,2026-07-17,100628,3140,1,2,4,401,1,36,2026-07-17 15:26:00,2026-07-17 20:06:00,2026-07-17 20:48:00,13.104908,76.089502,"The complainant Manjula Murthy reported that unknown persons induced him to part with funds on the promise of high returns and business partnership, and cheated him of a gold mangalsutra and cash. The transactions occurred near Hassan East PS during business hours. Documents have been seized and a case registered.",,
90076,101073063202690076,202690076,2026-07-17,100284,3063,1,2,3,306,1,13,2026-07-16 22:54:00,2026-07-17 04:45:00,2026-07-17 09:02:00,15.345335,75.139231,The complainant Rajesh Murthy reported that his vehicle parked at an apartment complex was stolen during the night hours. The lock appears to have been tampered by duplicate key entry. unknown persons are suspected to have escaped towards the highway. Vehicle details have been circulated to all check-posts.,,
90077,101283207202690077,202690077,2026-07-19,100934,3207,1,2,3,305,1,56,2026-07-18 14:44:00,2026-07-18 16:59:00,2026-07-19 12:28:00,14.766973,75.382413,The complainant Krishnappa Naik reported theft of a mobile phone from the main road during the daytime. the accused Kiran Achar took advantage of the crowd and escaped. A case has been registered and nearby CCTV cameras are being verified.,,
1,101163125202300001,202300001,2023-08-01,101043,3125,1,2,1,103,1,64,2023-08-01 02:53:00,2023-08-01 03:03:00,2023-08-01 10:08:00,16.797064,77.072258,The complainant Umesh Reddy stated that a quarrel at a residential layout during the evening hours escalated and unknown persons assaulted the victim Abhishek Reddy with a machete causing grievous injuries. The injured was treated at the taluk hospital. A case has been registered against the accused.,,
90078,101263198202690078,202690078,2026-07-19,100893,3198,1,2,3,305,1,52,2026-07-16 07:32:00,2026-07-16 07:57:00,2026-07-19 09:24:00,16.135282,75.740429,The complainant Muniraju Poojary reported theft of a laptop bag with documents from the main road during the daytime. the accused Venkatesh Swamy and associates took advantage of the crowd and escaped. A case has been registered and nearby CCTV cameras are being verified.,,
90079,101133107202690079,202690079,2026-07-10,100484,3107,1,2,3,306,1,26,2026-07-08 22:07:00,2026-07-09 01:07:00,2026-07-10 06:03:00,16.931595,75.691414,The complainant Chaitra Desai reported that his vehicle parked at the old town lanes was stolen during the night hours. The lock appears to have been tampered by window grill removal. the accused Yogesh Kulkarni G are suspected to have escaped towards the highway. Vehicle details have been circulated to all check-posts.,,
90080,101013003202690080,202690080,2026-07-02,100018,3003,1,1,2,204,1,1,2026-07-02 19:25:00,2026-07-02 22:08:00,2026-07-03 01:54:00,12.992893,77.610126,"It is reported by Prakash Kumar that the victim Vani Hegde died under unnatural circumstances at her matrimonial home near Upparpet PS within seven years of marriage, following persistent dowry harassment. Inquest was conducted in the presence of the taluk executive magistrate. A case has been registered against the husband and in-laws.",,
90081,101013005202690081,202690081,2026-07-03,100028,3005,1,2,2,203,1,1,2026-07-01 18:39:00,2026-07-02 00:33:00,2026-07-03 08:12:00,12.997995,77.587292,The complainant Nandini Setty reported that the accused Krishnappa Poojary and associates outraged the modesty of the victim Divya Naik at the old town lanes during the evening hours. The accused also hurled abuses when confronted by passers-by. A case has been registered and statements recorded.,,
90082,101013012202690082,202690082,2026-07-03,100056,3012,1,2,5,501,1,1,2026-07-02 14:37:00,2026-07-02 17:49:00,2026-07-03 11:37:00,12.950752,77.595437,"The complainant Rajesh Murthy reported receiving posing as fake police on beat duty, following which an amount was fraudulently debited from his bank account. The fraudster kept the complainant engaged on the call during the business hours and obtained the OTP. The cyber cell has been alerted and the money trail is being traced.",,
90083,101103085202690083,202690083,2026-07-17,100383,3085,1,2,4,401,1,20,2026-07-17 16:14:00,2026-07-17 18:52:00,2026-07-17 19:45:00,16.090291,74.750261,"The complainant Santhosh Byadgi reported that unknown persons induced him to part with funds on the promise of high returns and business partnership, and cheated him of a mobile phone and cash. The transactions occurred near Belagavi District North PS during business hours. Documents have been seized and a case registered.",,
90084,301013012202690084,202690084,2026-07-17,100055,3012,3,2,8,801,1,2,2026-07-17 05:51:00,2026-07-17 09:11:00,2026-07-17 10:39:00,12.949797,77.594283,The complainant Lokesh Kulkarni reported that the victim Veeresh Kulkarni left home near Hebbal PS during the daytime and has not returned since. Searches in hospitals and with relatives yielded no result. A missing person report has been registered and the description circulated to all units.,,
90085,101143115202690085,202690085,2026-07-19,100519,3115,1,2,5,502,1,27,2026-07-18 15:42:00,2026-07-18 18:09:00,2026-07-19 06:45:00,14.515905,75.902920,The complainant Srinivas Desai reported that his identity documents and card credentials were misused by the accused Venkatesh Bhat after posing as bank staff for card renewal. Unauthorized transactions were noticed during the business hours. A case under the IT Act has been registered and the service provider has been notified.,,
90086,101013008202690086,202690086,2026-07-02,100039,3008,1,2,5,501,1,1,2026-07-02 18:19:00,2026-07-02 23:49:00,2026-07-03 03:07:00,12.966181,77.548682,"The complainant Gayathri Kulkarni reported receiving posing as bank staff for card renewal, following which an amount was fraudulently debited from his bank account. The fraudster kept the complainant engaged on the call during the business hours and obtained the OTP. The cyber cell has been alerted and the money trail is being traced.",,
90087,101073055202690087,202690087,2026-07-03,100250,3055,1,2,4,401,1,14,2026-07-01 13:52:00,2026-07-01 17:37:00,2026-07-03 11:25:00,15.360076,75.148013,"The complainant Raghavendra Hiremath reported that the accused Kavya Bhat and associates induced him to part with funds on the promise of high returns and business partnership, and cheated him of a gold chain of 25 grams and cash. The transactions occurred near Hubballi-Dharwad North PS during business hours. Documents have been seized and a case registered.",,
90192,101013013202690192,202690192,2026-07-20,100059,3013,1,2,6,999,1,2,2026-07-20 15:47:00,2026-07-20 20:17:00,2026-07-20 21:31:00,12.937611,77.635010,The complainant PI Shankar Shetty reported that unknown persons formed an unlawful assembly at a residential layout during the daytime in defiance of prohibitory orders. The assembly was dispersed peacefully. A case has been registered.,,
90088,101013005202690088,202690088,2026-07-17,100027,3005,1,2,3,305,1,1,2026-07-17 05:36:00,2026-07-17 10:22:00,2026-07-17 19:05:00,13.002228,77.584445,The complainant Anitha Achar reported theft of a gold mangalsutra from the old town lanes during the daytime. unknown persons took advantage of the crowd and escaped. A case has been registered and nearby CCTV cameras are being verified.,,
90089,101013003202690089,202690089,2026-07-19,100018,3003,1,1,1,104,1,1,2026-07-18 12:43:00,2026-07-18 13:01:00,2026-07-19 07:56:00,13.000146,77.609251,The complainant Basavaraj Angadi reported that the victim Siddaraju Achar was forcibly taken away from the old town lanes during the daytime by the accused Chandrashekar Hiremath in a grey Maruti Omni van. Search teams were formed and neighbouring stations were alerted. Investigation is in progress.,,
90090,101283206202690090,202690090,2026-07-19,100927,3206,1,1,3,302,1,55,2026-07-16 17:55:00,2026-07-16 23:21:00,2026-07-19 12:42:00,14.773007,75.305590,The complainant Basavaraj Angadi stated that the accused Lokesh Naik threatened him with a knife at an apartment complex during the evening hours and robbed two silver anklets. The accused escaped on a grey Maruti Omni van. A case has been registered and CCTV footage of the vicinity is being examined.,,
90091,301013011202690091,202690091,2026-07-20,100053,3011,3,2,8,801,1,2,2026-07-16 22:02:00,2026-07-17 03:03:00,2026-07-20 12:49:00,12.933677,77.585592,The complainant Geetha Kumar reported that the victim Basavaraj Kumar left home near Basavanagudi PS during the daytime and has not returned since. Searches in hospitals and with relatives yielded no result. A missing person report has been registered and the description circulated to all units.,,
90092,101013012202690092,202690092,2026-07-02,100057,3012,1,2,4,401,1,1,2026-07-02 17:19:00,2026-07-02 19:30:00,2026-07-02 22:12:00,12.936889,77.580637,"The complainant Manjula Bhat reported that unknown persons induced him to part with funds on the promise of high returns and business partnership, and cheated him of cash of Rs 42,000 and cash. The transactions occurred near Hebbal PS during business hours. Documents have been seized and a case registered.",,
90093,101013005202690093,202690093,2026-07-03,100027,3005,1,2,3,306,1,2,2026-07-02 02:53:00,2026-07-02 07:00:00,2026-07-03 14:00:00,13.005911,77.557461,The complainant Roopa Gowda reported that his vehicle parked at an apartment complex was stolen during the night hours. The lock appears to have been tampered by lock-breaking with an iron rod. unknown persons are suspected to have escaped towards the highway. Vehicle details have been circulated to all check-posts.,,
90094,301033024202690094,202690094,2026-07-17,100118,3024,3,2,8,801,1,5,2026-07-17 18:27:00,2026-07-17 22:21:00,2026-07-18 01:43:00,12.316852,76.678844,The complainant Prakash Angadi reported that the victim Venkatesh Patil left home near Mysuru South PS during the daytime and has not returned since. Searches in hospitals and with relatives yielded no result. A missing person report has been registered and the description circulated to all units.,,
90095,101013011202690095,202690095,2026-07-19,100054,3011,1,2,1,103,1,1,2026-07-18 14:40:00,2026-07-18 20:20:00,2026-07-19 12:04:00,12.923687,77.585588,The complainant Manjunath Jois stated that a quarrel at the market area during the evening hours escalated and unknown persons assaulted the victim Ganesh Reddy with a iron rod causing grievous injuries. The injured was treated at the taluk hospital. A case has been registered against the accused.,,
90096,101013006202690096,202690096,2026-07-18,100030,3006,1,2,3,305,1,2,2026-07-18 20:55:00,2026-07-18 23:54:00,2026-07-19 00:27:00,13.003445,77.553534,The complainant Shankar Shetty reported theft of a laptop bag with documents from a residential layout during the daytime. unknown persons took advantage of the crowd and escaped. A case has been registered and nearby CCTV cameras are being verified.,,
90097,101033023202690097,202690097,2026-07-20,100109,3023,1,2,3,307,1,6,2026-07-17 05:49:00,2026-07-17 10:32:00,2026-07-20 07:36:00,12.284952,76.682828,"The complainant Manjula Hegde stated that while she was walking near a residential layout during the night hours, unknown persons riding a grey Maruti Omni van snatched a gold chain of 25 grams from her neck and sped away. She sustained minor injuries in the incident. A case has been registered and rider details are being verified from CCTV.",,
90193,101143117202690193,202690193,2026-07-23,100526,3117,1,2,3,305,open,28,2026-07-22 16:44:00,2026-07-22 18:33:00,2026-07-23 21:07:00,14.343850,75.880923,The complainant Umesh Shetty reported theft of two silver anklets from the market area during the daytime. the accused Ravi Rao and associates took advantage of the crowd and escaped. A case has been registered and nearby CCTV cameras are being verified.,,
90098,101013014202690098,202690098,2026-07-10,100064,3014,1,2,3,307,1,2,2026-07-08 01:38:00,2026-07-08 02:22:00,2026-07-10 06:46:00,12.949856,77.649517,"The complainant Shruthi Angadi stated that while she was walking near the market area during the night hours, unknown persons riding a grey Maruti Omni van snatched a mobile phone from her neck and sped away. She sustained minor injuries in the incident. A case has been registered and rider details are being verified from CCTV.",,
90099,101233172202690099,202690099,2026-07-02,100775,3172,1,2,5,502,1,45,2026-07-02 16:17:00,2026-07-02 17:02:00,2026-07-02 20:45:00,13.216363,78.083417,The complainant Divya Poojary reported that his identity documents and card credentials were misused by the accused Ramesh Bhat after posing as fake police on beat duty. Unauthorized transactions were noticed during the business hours. A case under the IT Act has been registered and the service provider has been notified.,,
90100,101013013202690100,202690100,2026-07-03,100058,3013,1,2,3,303,1,2,2026-07-02 02:02:00,2026-07-02 11:02:00,2026-07-03 15:16:00,12.947567,77.633907,"During the night hours, the house of the complainant Vinay Achar at the main road was broken open by window grill removal while the inmates were away. unknown persons committed theft of a mobile phone and cash. The scene was inspected with the dog squad and fingerprint experts. Efforts are on to trace the accused who escaped on a white autorickshaw.",,
90101,101233174202690101,202690101,2026-07-18,100781,3174,1,2,1,103,1,45,2026-07-18 20:32:00,2026-07-18 23:43:00,2026-07-19 01:18:00,13.141264,78.112048,The complainant Bhagya Rao stated that a quarrel at the bus stand vicinity during the evening hours escalated and unknown persons assaulted the victim Abhishek Hegde with a country-made pistol causing grievous injuries. The injured was treated at the taluk hospital. A case has been registered against the accused.,,
90102,101313225202690102,202690102,2026-07-10,101013,3225,1,2,1,103,1,62,2026-07-07 18:32:00,2026-07-07 20:43:00,2026-07-10 08:19:00,15.363734,76.066254,The complainant Prakash Kumar stated that a quarrel at the main road during the evening hours escalated and unknown persons assaulted the victim Rekha Kulkarni with a iron rod causing grievous injuries. The injured was treated at the taluk hospital. A case has been registered against the accused.,,
90103,101013012202690103,202690103,2026-07-19,100055,3012,1,2,3,306,1,1,2026-07-15 21:27:00,2026-07-16 00:18:00,2026-07-19 19:42:00,12.950837,77.600752,The complainant Raghavendra Shetty reported that his vehicle parked at the market area was stolen during the night hours. The lock appears to have been tampered by window grill removal. the accused Siddaraju Hiremath are suspected to have escaped towards the highway. Vehicle details have been circulated to all check-posts.,,
90104,101073060202690104,202690104,2026-07-19,100270,3060,1,2,4,401,1,14,2026-07-18 16:08:00,2026-07-18 21:59:00,2026-07-19 15:12:00,15.358395,75.111963,"The complainant Sumithra Hiremath reported that unknown persons induced him to part with funds on the promise of high returns and business partnership, and cheated him of a gold chain of 25 grams and cash. The transactions occurred near Hubballi-Dharwad Market PS during business hours. Documents have been seized and a case registered.",,
90105,101093074202690105,202690105,2026-07-18,100339,3074,1,1,3,302,1,17,2026-07-18 22:29:00,2026-07-18 23:20:00,2026-07-19 00:41:00,15.867921,74.509220,The complainant Dinesh Rao stated that unknown persons threatened him with a knife at the main road during the evening hours and robbed a mobile phone. The accused escaped on a black Pulsar motorcycle. A case has been registered and CCTV footage of the vicinity is being examined.,,
90106,101013008202690106,202690106,2026-07-17,100041,3008,1,2,4,401,1,2,2026-07-17 08:59:00,2026-07-17 14:15:00,2026-07-17 18:10:00,12.968933,77.565565,"The complainant Puneeth Setty reported that unknown persons induced him to part with funds on the promise of high returns and business partnership, and cheated him of two silver anklets and cash. The transactions occurred near HSR Layout PS during business hours. Documents have been seized and a case registered.",,
90107,101133109202690107,202690107,2026-07-17,100490,3109,1,2,4,402,1,26,2026-07-17 08:48:00,2026-07-17 10:02:00,2026-07-17 19:17:00,16.848787,75.649405,"The complainant Suresh Byadgi, on behalf of his firm near Vijayapura North PS, reported that the accused Sandeep Reddy entrusted with valuables and accounts dishonestly misappropriated a mobile phone and cash during the business hours. Records were secured for audit. A case of criminal breach of trust has been registered.",,
90194,101273200202690194,202690194,2026-07-21,100903,3200,1,2,6,601,1,54,2026-07-21 16:29:00,2026-07-21 16:42:00,2026-07-21 20:34:00,91.5,75.640508,"The complainant, SI Anand Desai of the jurisdictional station, reported that during the evening hours a mob armed with country-made pistols gathered at an apartment complex and indulged in rioting, damaging public property. Lathi-charge was resorted to and the mob dispersed. Cases have been registered against the identified persons.",,
90108,101013013202690108,202690108,2026-07-19,100060,3013,1,2,3,305,1,1,2026-07-19 13:30:00,2026-07-19 14:00:00,2026-07-19 16:41:00,12.933205,77.651886,"The complainant Jyothi Reddy reported theft of cash of Rs 42,000 from an apartment complex during the daytime. the accused Girish Jois and associates took advantage of the crowd and escaped. A case has been registered and nearby CCTV cameras are being verified.",,
90109,301013004202690109,202690109,2026-07-19,100024,3004,3,2,8,802,1,1,2026-07-17 15:10:00,2026-07-17 17:10:00,2026-07-19 15:34:00,13.018169,77.619446,The complainant Shobha Swamy reported that the victim Srinivas Bhat was found dead at the bus stand vicinity during the daytime under circumstances suggesting an accidental fall. Inquest proceedings were conducted and the body was shifted for post-mortem examination. A UDR case has been registered pending final opinion.,,
90110,101013014202690110,202690110,2026-07-19,100064,3014,1,2,1,103,1,1,2026-07-19 13:31:00,2026-07-19 15:38:00,2026-07-19 19:18:00,12.962049,77.657371,The complainant Yogesh Jois stated that a quarrel at the market area during the evening hours escalated and the accused Umesh Shetty and associates assaulted the victim Darshan Rao with a wooden club causing grievous injuries. The injured was treated at the taluk hospital. A case has been registered against the accused.,,
90111,101273203202690111,202690111,2026-07-19,100914,3203,1,2,5,501,1,53,2026-07-17 14:17:00,2026-07-17 18:11:00,2026-07-19 11:37:00,15.377260,75.631215,"The complainant Savitha Bhat reported receiving an OTP fraud call claiming KYC expiry, following which an amount was fraudulently debited from his bank account. The fraudster kept the complainant engaged on the call during the business hours and obtained the OTP. The cyber cell has been alerted and the money trail is being traced.",,
90112,101013014202690112,202690112,2026-07-19,100063,3014,1,2,4,401,1,2,2026-07-19 14:48:00,2026-07-19 17:31:00,2026-07-19 21:58:00,12.967533,77.647697,"The complainant Nagaraj Reddy reported that unknown persons induced him to part with funds on the promise of high returns and business partnership, and cheated him of a gold chain of 25 grams and cash. The transactions occurred near Electronic City PS during business hours. Documents have been seized and a case registered.",,
90113,101253187202690113,202690113,2026-07-19,100845,3187,1,2,4,401,1,50,2026-07-19 16:14:00,2026-07-19 16:30:00,2026-07-19 20:15:00,12.696976,77.251593,"The complainant Mahesh Jois reported that the accused Manjunath Setty induced him to part with funds on the promise of high returns and business partnership, and cheated him of a mobile phone and cash. The transactions occurred near Ramanagara Extension PS during business hours. Documents have been seized and a case registered.",,
90114,101013004202690114,202690114,2026-07-16,100022,3004,1,2,3,305,1,1,2026-07-13 14:25:00,2026-07-13 19:52:00,2026-07-16 08:00:00,13.011539,77.596191,The complainant Darshan Jois reported theft of a gold mangalsutra from the old town lanes during the daytime. the accused Somashekar Angadi and associates took advantage of the crowd and escaped. A case has been registered and nearby CCTV cameras are being verified.,,
90115,301103082202690115,202690115,2026-07-19,100372,3082,3,2,8,801,1,20,2026-07-19 16:27:00,2026-07-19 22:08:00,2026-07-19 23:03:00,16.150710,74.831453,The complainant Sudeep Shetty reported that the victim Anand Kumar left home near Belagavi District Rural PS during the daytime and has not returned since. Searches in hospitals and with relatives yielded no result. A missing person report has been registered and the description circulated to all units.,,
90116,101233170202690116,202690116,2026-07-16,100769,3170,1,2,5,501,1,45,2026-07-16 15:01:00,2026-07-16 17:10:00,2026-07-16 20:48:00,13.132081,78.220962,"The complainant Somashekar Angadi reported receiving loan-app threat messages, following which an amount was fraudulently debited from his bank account. The fraudster kept the complainant engaged on the call during the business hours and obtained the OTP. The cyber cell has been alerted and the money trail is being traced.",,
90117,101153121202690117,202690117,2026-07-16,100546,3121,1,2,2,202,1,29,2026-07-12 23:18:00,2026-07-13 00:27:00,2026-07-16 13:30:00,13.969328,75.417891,"The complainant Shivakumar Hiremath stated that her husband and in-laws subjected her to physical and mental cruelty at their residence near Shivamogga West PS over a prolonged period, including demands for additional dowry. She was treated for injuries after an incident during the daytime. A case has been registered.",,
90195,101013004201990195,201990195,2026-07-20,100024,3004,1,2,4,401,1,1,2026-07-20 16:58:00,2026-07-20 20:22:00,2026-07-20 22:20:00,13.014459,77.602684,"The complainant Nandini Jois reported that unknown persons induced him to part with funds on the promise of high returns and business partnership, and cheated him of a gold chain of 25 grams and cash. The transactions occurred near Jayanagar PS during business hours. Documents have been seized and a case registered.",,
90118,101313224202690118,202690118,2026-07-19,101010,3224,1,2,7,701,1,62,2026-07-19 17:02:00,2026-07-19 22:19:00,2026-07-20 01:15:00,15.359955,76.162558,"On credible information, the raiding party intercepted the accused Ganesh Rao at the market area during the evening hours and seized contraband ganja along with a two-wheeler without number plate used for transport. The complainant SI Yogesh Reddy of the detection staff lodged the report. Seizure was effected in the presence of panch witnesses.",,
90119,301013009202690119,202690119,2026-07-16,100044,3009,3,2,8,801,1,2,2026-07-14 07:47:00,2026-07-14 11:36:00,2026-07-16 06:43:00,12.962969,77.541548,The complainant Shobha Desai reported that the victim Mallikarjun Hiremath left home near Indiranagar PS during the daytime and has not returned since. Searches in hospitals and with relatives yielded no result. A missing person report has been registered and the description circulated to all units.,,
90120,101013013202690120,202690120,2026-07-16,100058,3013,1,1,1,102,1,1,2026-07-13 19:31:00,2026-07-14 00:59:00,2026-07-16 14:42:00,12.948100,77.629813,"On the statement of Lokesh Shetty, it is alleged that the accused Somashekar Bhat attacked the victim Thimmaiah Rao with a wooden club at a residential layout during the evening hours with intent to kill. The victim sustained serious injuries and was shifted to the government hospital. Investigation has been taken up.",,
90121,101013013202690121,202690121,2026-07-19,100060,3013,1,1,1,101,1,1,2026-07-19 21:05:00,2026-07-19 23:26:00,2026-07-20 01:29:00,12.933442,77.647211,The complainant Savitha Bhat reported that the victim Siddaraju Jois was assaulted with a iron rod at an apartment complex near KR Puram PS limits during the evening hours. The victim succumbed to injuries on the spot. the accused Shivakumar Jois and associates fled the scene and a case of murder has been registered. Inquest and scene-of-crime procedures were completed.,,
90122,101113095202690122,202690122,2026-07-16,100426,3095,1,2,5,502,1,21,2026-07-16 14:47:00,2026-07-16 19:45:00,2026-07-16 22:11:00,17.271118,76.849379,The complainant Santhosh Hegde reported that his identity documents and card credentials were misused by unknown persons after a courier-parcel scam call. Unauthorized transactions were noticed during the business hours. A case under the IT Act has been registered and the service provider has been notified.,,
90123,101013002202690123,202690123,2026-07-16,100015,3002,1,2,5,501,1,2,2026-07-14 08:38:00,2026-07-14 14:13:00,2026-07-16 07:52:00,12.995216,77.637252,"The complainant Kiran Jois reported receiving loan-app threat messages, following which an amount was fraudulently debited from his bank account. The fraudster kept the complainant engaged on the call during the business hours and obtained the OTP. The cyber cell has been alerted and the money trail is being traced.",,
90124,301013009202690124,202690124,2026-07-14,100043,3009,3,2,8,802,1,2,2026-07-14 19:26:00,2026-07-14 22:24:00,2026-07-15 01:40:00,12.964638,77.551973,The complainant Padma Murthy reported that the victim Rajesh Setty was found dead at an apartment complex during the daytime under circumstances suggesting an accidental fall. Inquest proceedings were conducted and the body was shifted for post-mortem examination. A UDR case has been registered pending final opinion.,,
90125,101063050202690125,202690125,2026-07-17,100227,3050,1,2,3,306,1,12,2026-07-15 00:39:00,2026-07-15 06:06:00,2026-07-17 18:52:00,12.924954,75.326868,The complainant Siddaraju Bhat reported that his vehicle parked at an apartment complex was stolen during the night hours. The lock appears to have been tampered by duplicate key entry. the accused Kiran Patil and associates are suspected to have escaped towards the highway. Vehicle details have been circulated to all check-posts.,,
90126,101133111202690126,202690126,2026-07-16,100499,3111,1,2,4,401,1,26,2026-07-14 08:07:00,2026-07-14 09:14:00,2026-07-16 06:55:00,16.772022,75.644472,"The complainant Manjunath Shetty reported that the accused Raghavendra Swamy induced him to part with funds on the promise of high returns and business partnership, and cheated him of two silver anklets and cash. The transactions occurred near Vijayapura Extension PS during business hours. Documents have been seized and a case registered.",,
90127,101313221202690127,202690127,2026-07-17,100997,3221,1,2,3,303,1,61,2026-07-15 01:06:00,2026-07-15 06:06:00,2026-07-17 17:15:00,15.375340,76.134964,"During the night hours, the house of the complainant Basavaraj Gowda at an apartment complex was broken open by window grill removal while the inmates were away. unknown persons committed theft of cash of Rs 42,000 and cash. The scene was inspected with the dog squad and fingerprint experts. Efforts are on to trace the accused who escaped on a grey Maruti Omni van.",,
90196,101183141202690196,202690196,2026-07-06,100634,3141,1,2,3,306,1,35,2026-07-06 00:59:00,2026-07-06 05:29:00,2026-07-06 19:15:00,12.9716,77.5946,The complainant Nandini Bhat reported that his vehicle parked at the bus stand vicinity was stolen during the night hours. The lock appears to have been tampered by window grill removal. unknown persons are suspected to have escaped towards the highway. Vehicle details have been circulated to all check-posts.,,
90128,101013001202690128,202690128,2026-07-16,100013,3001,1,2,3,305,1,1,2026-07-14 17:48:00,2026-07-14 23:38:00,2026-07-16 17:40:00,12.963670,77.617988,The complainant Jyothi Hegde reported theft of two silver anklets from the main road during the daytime. the accused Shankar Angadi took advantage of the crowd and escaped. A case has been registered and nearby CCTV cameras are being verified.,,
90129,101013011202690129,202690129,2026-07-15,100053,3011,1,2,2,203,1,1,2026-07-12 18:41:00,2026-07-12 20:19:00,2026-07-15 18:31:00,12.913000,77.591509,The complainant Lakshmamma Swamy reported that the accused Mahesh Kulkarni outraged the modesty of the victim Rekha Hiremath at an apartment complex during the evening hours. The accused also hurled abuses when confronted by passers-by. A case has been registered and statements recorded.,,
90130,101183139202690130,202690130,2026-07-17,100624,3139,1,2,4,401,1,36,2026-07-14 12:52:00,2026-07-14 13:31:00,2026-07-17 16:00:00,13.034558,76.125281,"The complainant Shruthi Kulkarni reported that the accused Abhishek Setty and associates induced him to part with funds on the promise of high returns and business partnership, and cheated him of a gold mangalsutra and cash. The transactions occurred near Hassan Rural PS during business hours. Documents have been seized and a case registered.",,
90131,101263192202690131,202690131,2026-07-14,100867,3192,1,1,1,102,1,51,2026-07-14 12:42:00,2026-07-14 13:15:00,2026-07-14 14:42:00,16.306155,75.714361,"On the statement of Yogesh Byadgi, it is alleged that unknown persons attacked the victim Venkatesh Gowda with a machete at the old town lanes during the evening hours with intent to kill. The victim sustained serious injuries and was shifted to the government hospital. Investigation has been taken up.",,
90132,101013010202690132,202690132,2026-07-15,100048,3010,1,2,1,103,1,1,2026-07-14 19:07:00,2026-07-14 22:15:00,2026-07-15 09:12:00,12.919124,77.564715,The complainant Somashekar Patil stated that a quarrel at the old town lanes during the evening hours escalated and the accused Umesh Gowda assaulted the victim Suresh Byadgi with a machete causing grievous injuries. The injured was treated at the taluk hospital. A case has been registered against the accused.,,
90133,101013012202690133,202690133,2026-07-17,100056,3012,1,1,1,101,1,1,2026-07-14 17:24:00,2026-07-14 17:55:00,2026-07-17 20:46:00,12.952906,77.570416,The complainant Harish Byadgi reported that the victim Gayathri Rao was assaulted with a machete at the market area near Hebbal PS limits during the evening hours. The victim succumbed to injuries on the spot. the accused Shankar Swamy fled the scene and a case of murder has been registered. Inquest and scene-of-crime procedures were completed.,,
90134,101013006202690134,202690134,2026-07-16,100031,3006,1,2,3,303,1,1,2026-07-14 23:41:00,2026-07-15 06:41:00,2026-07-16 07:43:00,13.026116,77.518825,"During the night hours, the house of the complainant Pallavi Murthy at the market area was broken open by gas-cutter on the shutter while the inmates were away. the accused Ravi Naik committed theft of a gold chain of 25 grams and cash. The scene was inspected with the dog squad and fingerprint experts. Efforts are on to trace the accused who escaped on a grey Maruti Omni van.",,
90135,801013014202690135,202690135,2026-07-14,100063,3014,8,2,3,305,1,1,2026-07-14 12:55:00,2026-07-14 18:20:00,2026-07-14 20:46:00,12.950784,77.643861,The complainant Veeresh Hiremath reported theft of a mobile phone from the old town lanes during the daytime. the accused Kiran Naik and associates took advantage of the crowd and escaped. A case has been registered and nearby CCTV cameras are being verified.,,
90136,101013013202690136,202690136,2026-07-15,100060,3013,1,2,5,501,1,1,2026-07-14 10:39:00,2026-07-14 15:45:00,2026-07-15 08:19:00,12.926818,77.635520,"The complainant Jyothi Shetty reported receiving a courier-parcel scam call, following which an amount was fraudulently debited from his bank account. The fraudster kept the complainant engaged on the call during the business hours and obtained the OTP. The cyber cell has been alerted and the money trail is being traced.",,
90137,101013010202690137,202690137,2026-07-16,100048,3010,1,1,1,101,1,1,2026-07-14 17:50:00,2026-07-14 19:31:00,2026-07-16 14:22:00,12.937571,77.552549,The complainant Padma Rao reported that the victim Siddaraju Hiremath was assaulted with a wooden club at the main road near Vijayanagar PS limits during the evening hours. The victim succumbed to injuries on the spot. the accused Padma Swamy fled the scene and a case of murder has been registered. Inquest and scene-of-crime procedures were completed.,,
90197,101073059202690197,202690197,07-07-2026,100267,3059,1,2,3,303,1,13,2026-07-07 03:17:00,2026-07-07 09:17:00,2026-07-07 12:40:00,15.371725,75.082333,"During the night hours, the house of the complainant Rekha Bhat at a residential layout was broken open by gas-cutter on the shutter while the inmates were away. the accused Shruthi Hiremath committed theft of a laptop bag with documents and cash. The scene was inspected with the dog squad and fingerprint experts. Efforts are on to trace the accused who escaped on a grey Maruti Omni van.",,
90138,101073063202690138,202690138,2026-07-14,100283,3063,1,2,6,601,1,13,2026-07-14 13:24:00,2026-07-14 13:57:00,2026-07-14 17:46:00,15.366692,75.126939,"The complainant, SI Shruthi Poojary of the jurisdictional station, reported that during the evening hours a mob armed with iron rods gathered at the old town lanes and indulged in rioting, damaging public property. Lathi-charge was resorted to and the mob dispersed. Cases have been registered against the identified persons.",,
90139,101013011202690139,202690139,2026-07-15,100052,3011,1,2,3,305,1,2,2026-07-14 08:53:00,2026-07-14 14:51:00,2026-07-15 08:55:00,12.925417,77.589475,The complainant Nandini Poojary reported theft of a gold mangalsutra from the main road during the daytime. the accused Puneeth Murthy and associates took advantage of the crowd and escaped. A case has been registered and nearby CCTV cameras are being verified.,,
90140,101013009202690140,202690140,2026-07-14,100044,3009,1,2,5,501,1,2,2026-07-14 14:51:00,2026-07-14 18:28:00,2026-07-14 21:47:00,12.970565,77.535262,"The complainant Geetha Poojary reported receiving posing as fake police on beat duty, following which an amount was fraudulently debited from his bank account. The fraudster kept the complainant engaged on the call during the business hours and obtained the OTP. The cyber cell has been alerted and the money trail is being traced.",,
90141,101063050202690141,202690141,2026-07-15,100229,3050,1,2,3,306,1,11,2026-07-14 04:12:00,2026-07-14 06:58:00,2026-07-15 06:15:00,12.897886,75.298425,The complainant Abhishek Bhat reported that his vehicle parked at an apartment complex was stolen during the night hours. The lock appears to have been tampered by roof tile removal. the accused Basavaraj Rao are suspected to have escaped towards the highway. Vehicle details have been circulated to all check-posts.,,
90142,301093075202690142,202690142,2026-07-17,100342,3075,3,2,8,801,1,17,2026-07-15 13:19:00,2026-07-15 14:51:00,2026-07-17 10:53:00,15.876803,74.508047,The complainant Sowmya Murthy reported that the victim Vinay Rao left home near Belagavi East PS during the daytime and has not returned since. Searches in hospitals and with relatives yielded no result. A missing person report has been registered and the description circulated to all units.,,
90143,101253187202690143,202690143,2026-07-15,100844,3187,1,2,5,501,1,49,2026-07-13 17:52:00,2026-07-13 23:25:00,2026-07-15 13:49:00,12.712984,77.260686,"The complainant Shankar Angadi reported receiving loan-app threat messages, following which an amount was fraudulently debited from his bank account. The fraudster kept the complainant engaged on the call during the business hours and obtained the OTP. The cyber cell has been alerted and the money trail is being traced.",,
90144,101343247202690144,202690144,2026-07-17,101115,3247,1,2,5,501,1,67,2026-07-15 17:11:00,2026-07-15 19:55:00,2026-07-17 09:10:00,14.280101,76.375805,"The complainant Anand Swamy reported receiving a courier-parcel scam call, following which an amount was fraudulently debited from his bank account. The fraudster kept the complainant engaged on the call during the business hours and obtained the OTP. The cyber cell has been alerted and the money trail is being traced.",,
90145,101013012202690145,202690145,2026-07-15,100056,3012,1,2,3,305,1,2,2026-07-13 16:14:00,2026-07-13 22:03:00,2026-07-15 11:02:00,12.942131,77.599400,The complainant Roopa Hiremath reported theft of a gold mangalsutra from the old town lanes during the daytime. the accused Roopa Angadi took advantage of the crowd and escaped. A case has been registered and nearby CCTV cameras are being verified.,,
90146,101013010202690146,202690146,2026-07-15,100051,3010,1,2,5,501,1,2,2026-07-13 14:00:00,2026-07-13 19:59:00,2026-07-15 14:14:00,12.933980,77.568296,"The complainant Santhosh Reddy reported receiving posing as bank staff for card renewal, following which an amount was fraudulently debited from his bank account. The fraudster kept the complainant engaged on the call during the business hours and obtained the OTP. The cyber cell has been alerted and the money trail is being traced.",,
90147,101093076202690147,202690147,2026-07-15,100345,3076,1,2,3,305,1,17,2026-07-13 14:04:00,2026-07-13 18:48:00,2026-07-15 19:24:00,15.870524,74.482027,"The complainant Divya Kumar reported theft of cash of Rs 42,000 from a residential layout during the daytime. the accused Srinivas Kulkarni took advantage of the crowd and escaped. A case has been registered and nearby CCTV cameras are being verified.",,
90198,101263192202690198,202690198,2026-07-21,"1,00,871",3192,1,2,2,202,1,52,2026-07-21 16:52:00,2026-07-21 20:51:00,2026-07-21 21:55:00,16.270059,75.694127,"The complainant Divya Naik stated that her husband and in-laws subjected her to physical and mental cruelty at their residence near Bagalkot East PS over a prolonged period, including demands for additional dowry. She was treated for injuries after an incident during the daytime. A case has been registered.",,
90148,101013001202690148,202690148,2026-07-22,100011,3001,1,2,4,401,1,1,2026-07-20 11:20:00,2026-07-20 14:11:00,2026-07-22 19:09:00,12.977650,77.638191,"The complainant Savitha Reddy reported that unknown persons induced him to part with funds on the promise of high returns and business partnership, and cheated him of cash of Rs 42,000 and cash. The transactions occurred near Peenya PS during business hours. Documents have been seized and a case registered.",,
90149,101013002202690149,202690149,2026-07-22,100016,3002,1,2,3,303,1,2,2026-07-21 02:16:00,2026-07-21 11:16:00,2026-07-22 15:22:00,13.001417,77.627860,"During the night hours, the house of the complainant Divya Shetty at a residential layout was broken open by roof tile removal while the inmates were away. the accused Girish Naik D committed theft of cash of Rs 42,000 and cash. The scene was inspected with the dog squad and fingerprint experts. Efforts are on to trace the accused who escaped on a two-wheeler without number plate.",,
90150,101013002202690150,202690150,2026-07-23,100014,3002,1,2,5,501,1,1,2026-07-23 15:25:00,2026-07-23 17:26:00,2026-07-23 20:08:00,12.988955,77.638920,"The complainant Padma Reddy reported receiving loan-app threat messages, following which an amount was fraudulently debited from his bank account. The fraudster kept the complainant engaged on the call during the business hours and obtained the OTP. The cyber cell has been alerted and the money trail is being traced.",,
90151,301093073202690151,202690151,2026-07-23,100333,3073,3,2,8,801,1,17,2026-07-23 15:33:00,2026-07-23 20:50:00,2026-07-23 23:37:00,15.860896,74.524419,The complainant Shivakumar Bhat reported that the victim Manjunath Hegde left home near Belagavi North PS during the daytime and has not returned since. Searches in hospitals and with relatives yielded no result. A missing person report has been registered and the description circulated to all units.,,
90152,101013007202690152,202690152,2026-07-22,100035,3007,1,2,6,601,1,1,2026-07-21 04:25:00,2026-07-21 06:59:00,2026-07-22 12:13:00,12.983891,77.556778,"The complainant, SI Saraswathi Rao of the jurisdictional station, reported that during the evening hours a mob armed with iron rods gathered at an apartment complex and indulged in rioting, damaging public property. Lathi-charge was resorted to and the mob dispersed. Cases have been registered against the identified persons.",,
90153,101013006202690153,202690153,2026-07-22,100031,3006,1,2,3,305,1,1,2026-07-21 09:44:00,2026-07-21 13:28:00,2026-07-22 20:01:00,13.011670,77.557494,The complainant Bhagya Desai reported theft of two silver anklets from the market area during the daytime. unknown persons took advantage of the crowd and escaped. A case has been registered and nearby CCTV cameras are being verified.,,
90154,101233170202690154,202690154,2026-07-23,100769,3170,1,2,3,305,1,45,2026-07-23 16:41:00,2026-07-23 19:56:00,2026-07-23 20:29:00,13.124071,78.254479,The complainant Darshan Naik reported theft of a gold chain of 25 grams from the market area during the daytime. the accused Ganesh Kulkarni and associates took advantage of the crowd and escaped. A case has been registered and nearby CCTV cameras are being verified.,,
90155,101233175202690155,202690155,2026-07-23,100786,3175,1,2,2,202,1,45,2026-07-23 09:19:00,2026-07-23 13:48:00,2026-07-23 15:51:00,13.083653,78.130858,"The complainant Sowmya Hegde stated that her husband and in-laws subjected her to physical and mental cruelty at their residence near Kolar South PS over a prolonged period, including demands for additional dowry. She was treated for injuries after an incident during the daytime. A case has been registered.",,
90156,101073060202690156,202690156,2026-07-23,100273,3060,1,2,3,307,1,13,2026-07-23 08:45:00,2026-07-23 09:07:00,2026-07-23 12:59:00,15.382423,75.108917,"The complainant Veeresh Achar stated that while she was walking near the old town lanes during the night hours, the accused Anand Rao and associates riding a white autorickshaw snatched cash of Rs 42,000 from her neck and sped away. She sustained minor injuries in the incident. A case has been registered and rider details are being verified from CCTV.",,
90157,101253189202690157,202690157,2026-07-23,100852,3189,1,1,1,102,1,49,2026-07-23 10:06:00,2026-07-23 10:54:00,2026-07-23 21:14:00,12.635362,77.357956,"On the statement of Muniraju Patil, it is alleged that the accused Anitha Shetty and associates attacked the victim Pallavi Swamy with a knife at a residential layout during the evening hours with intent to kill. The victim sustained serious injuries and was shifted to the government hospital. Investigation has been taken up.",,
90199,101283205202690199,202690199,2026-07-21,100926,3205,1,2,3,305,1,56,2026-07-20 09:03:00,2026-07-20 14:40:00,2026-07-21 20:36:00,14.880176,75.427359,"The complainant Deepa Desai reported theft of cash of Rs 42,000 from an apartment complex during the daytime. unknown persons took advantage of the crowd and escaped. A case has been registered and nearby CCTV cameras are being verified.",X,
90158,101143114202690158,202690158,2026-07-23,100514,3114,1,2,3,305,1,28,2026-07-23 07:05:00,2026-07-23 12:17:00,2026-07-23 15:20:00,14.491003,76.006381,"The complainant Mallikarjun Reddy reported theft of cash of Rs 42,000 from the main road during the daytime. unknown persons took advantage of the crowd and escaped. A case has been registered and nearby CCTV cameras are being verified.",,
90159,101013001202690159,202690159,2026-07-22,100013,3001,1,2,5,501,1,1,2026-07-21 15:09:00,2026-07-21 15:44:00,2026-07-22 13:03:00,12.962870,77.644166,"The complainant Chandrashekar Kumar reported receiving loan-app threat messages, following which an amount was fraudulently debited from his bank account. The fraudster kept the complainant engaged on the call during the business hours and obtained the OTP. The cyber cell has been alerted and the money trail is being traced.",,
90160,101033027202690160,202690160,2026-07-23,100125,3027,1,2,3,306,1,6,2026-07-23 01:18:00,2026-07-23 04:58:00,2026-07-23 20:36:00,12.302307,76.610314,The complainant Vani Shetty reported that his vehicle parked at the main road was stolen during the night hours. The lock appears to have been tampered by roof tile removal. unknown persons are suspected to have escaped towards the highway. Vehicle details have been circulated to all check-posts.,,
90161,101013009202690161,202690161,2026-07-23,100046,3009,1,2,4,401,1,2,2026-07-23 12:22:00,2026-07-23 15:59:00,2026-07-23 18:41:00,12.968414,77.545494,"The complainant Dinesh Hegde reported that the accused Suresh Hiremath and associates induced him to part with funds on the promise of high returns and business partnership, and cheated him of a gold mangalsutra and cash. The transactions occurred near Indiranagar PS during business hours. Documents have been seized and a case registered.",,
90162,101013003202690162,202690162,2026-07-23,100017,3003,1,2,3,306,1,2,2026-07-22 23:23:00,2026-07-23 03:39:00,2026-07-23 11:20:00,12.984383,77.624843,The complainant Asha Reddy reported that his vehicle parked at the bus stand vicinity was stolen during the night hours. The lock appears to have been tampered by lock-breaking with an iron rod. unknown persons are suspected to have escaped towards the highway. Vehicle details have been circulated to all check-posts.,,
90163,101013004202690163,202690163,2026-07-23,100021,3004,1,2,2,203,1,1,2026-07-22 22:46:00,2026-07-23 04:09:00,2026-07-23 11:19:00,13.005099,77.597490,The complainant Krishnappa Jois reported that unknown persons outraged the modesty of the victim Manjula Swamy at the bus stand vicinity during the evening hours. The accused also hurled abuses when confronted by passers-by. A case has been registered and statements recorded.,,
90164,101013012202690164,202690164,2026-07-23,100057,3012,1,2,3,305,1,1,2026-07-22 20:16:00,2026-07-22 21:02:00,2026-07-23 20:40:00,12.941434,77.599739,The complainant Gopal Reddy reported theft of two silver anklets from the main road during the daytime. the accused Mahesh Desai and associates took advantage of the crowd and escaped. A case has been registered and nearby CCTV cameras are being verified.,,
90165,101013009202690165,202690165,2026-07-23,100046,3009,1,2,5,501,1,2,2026-07-22 20:53:00,2026-07-22 22:19:00,2026-07-23 20:21:00,12.962862,77.537096,"The complainant Kiran Rao reported receiving loan-app threat messages, following which an amount was fraudulently debited from his bank account. The fraudster kept the complainant engaged on the call during the business hours and obtained the OTP. The cyber cell has been alerted and the money trail is being traced.",,
90166,301013006202690166,202690166,2026-07-23,100030,3006,3,2,8,802,1,1,2026-07-23 16:42:00,2026-07-23 17:44:00,2026-07-23 20:27:00,13.018122,77.567344,The complainant Deepa Poojary reported that the victim Meena Hiremath was found dead at a residential layout during the daytime under circumstances suggesting an accidental fall. Inquest proceedings were conducted and the body was shifted for post-mortem examination. A UDR case has been registered pending final opinion.,,
90167,101143116202690167,202690167,2026-07-23,100522,3116,1,2,3,305,1,28,2026-07-23 17:01:00,2026-07-23 17:37:00,2026-07-23 21:02:00,14.467067,75.849806,The complainant Manjula Hiremath reported theft of a gold mangalsutra from the market area during the daytime. the accused Yogesh Swamy and associates took advantage of the crowd and escaped. A case has been registered and nearby CCTV cameras are being verified.,,
90200,101183143202690200,202690200,2026-07-06,100641,3143,1,1,3,302,1,35,2026-07-05 23:40:00,2026-07-06 05:08:00,2026-07-06 21:22:00,12.905496,76.151579,The complainant Lakshmamma Setty stated that unknown persons threatened him with a wooden club at the market area during the evening hours and robbed a mobile phone. The accused escaped on a white autorickshaw. A case has been registered and CCTV footage of the vicinity is being examined.,,9876543210
90168,101233173202690168,202690168,2026-07-06,100780,3173,1,2,3,305,1,45,2026-07-06 13:03:00,2026-07-06 16:06:00,2026-07-06 19:43:00,13.173306,78.055777,The complainant Basavaraj Kumar reported theft of two silver anklets from the bus stand vicinity during the daytime. the accused Dinesh Achar took advantage of the crowd and escaped. A case has been registered and nearby CCTV cameras are being verified.,,
90169,101093075202690169,202690169,2026-07-06,100341,3075,1,1,3,302,1,17,2026-07-06 14:06:00,2026-07-06 16:49:00,2026-07-06 21:21:00,15.867477,74.506807,The complainant Vani Kulkarni stated that the accused Manjula Shetty threatened him with a knife at a residential layout during the evening hours and robbed a gold chain of 25 grams. The accused escaped on a black Pulsar motorcycle. A case has been registered and CCTV footage of the vicinity is being examined.,,
90170,301103083202690170,202690170,2026-07-21,100375,3083,3,2,8,802,1,20,2026-07-21 12:15:00,2026-07-21 15:23:00,2026-07-21 16:17:00,16.177618,74.806322,The complainant Abhishek Swamy reported that the victim Gopal Byadgi was found dead at the main road during the daytime under circumstances suggesting an accidental fall. Inquest proceedings were conducted and the body was shifted for post-mortem examination. A UDR case has been registered pending final opinion.,,
90171,101343250202690171,202690171,2026-07-23,101126,3250,1,2,5,502,1,67,2026-07-22 13:07:00,2026-07-22 14:14:00,2026-07-23 13:16:00,14.147175,76.393091,The complainant Nagaraj Hegde reported that his identity documents and card credentials were misused by the accused Savitha Patil after an OTP fraud call claiming KYC expiry. Unauthorized transactions were noticed during the business hours. A case under the IT Act has been registered and the service provider has been notified.,,
90172,101013010202690172,202690172,2026-07-21,100051,3010,1,2,4,401,1,1,2026-07-21 12:36:00,2026-07-21 18:09:00,2026-07-21 19:12:00,12.930898,77.561362,"The complainant Lokesh Reddy reported that unknown persons induced him to part with funds on the promise of high returns and business partnership, and cheated him of a gold mangalsutra and cash. The transactions occurred near Vijayanagar PS during business hours. Documents have been seized and a case registered.",,
90173,301143117202690173,202690173,2026-07-06,100524,3117,3,2,8,802,1,27,2026-07-06 15:59:00,2026-07-06 21:16:00,2026-07-07 00:57:00,14.384297,75.884509,The complainant Roopa Poojary reported that the victim Anand Patil was found dead at the main road during the daytime under circumstances suggesting an accidental fall. Inquest proceedings were conducted and the body was shifted for post-mortem examination. A UDR case has been registered pending final opinion.,,
90174,101073062202690174,202690174,2026-07-23,100277,3062,1,2,2,202,1,13,2026-07-23 09:35:00,2026-07-23 11:33:00,2026-07-23 12:44:00,15.319416,75.127596,"The complainant Anitha Swamy stated that her husband and in-laws subjected her to physical and mental cruelty at their residence near Hubballi-Dharwad Rural PS over a prolonged period, including demands for additional dowry. She was treated for injuries after an incident during the daytime. A case has been registered.",,
90175,101093073202690175,202690175,2026-07-23,100333,3073,1,2,4,401,1,17,2026-07-22 15:51:00,2026-07-22 19:25:00,2026-07-23 14:36:00,15.857517,74.517849,"The complainant Shivakumar Hiremath reported that unknown persons induced him to part with funds on the promise of high returns and business partnership, and cheated him of a mobile phone and cash. The transactions occurred near Belagavi North PS during business hours. Documents have been seized and a case registered.",,
90176,101013013202690176,202690176,2026-07-21,100060,3013,1,2,2,202,1,1,2026-07-21 12:39:00,2026-07-21 14:57:00,2026-07-21 16:07:00,12.946086,77.640282,"The complainant Narayana Achar stated that her husband and in-laws subjected her to physical and mental cruelty at their residence near KR Puram PS over a prolonged period, including demands for additional dowry. She was treated for injuries after an incident during the daytime. A case has been registered.",,
90177,101153122202690177,202690177,2026-07-08,100552,3122,1,2,5,503,1,29,2026-07-07 16:50:00,2026-07-07 21:27:00,2026-07-08 17:09:00,13.860157,75.526514,"The complainant Harish Patil reported that unknown persons circulated defamatory and obscene content about the victim Padma Hiremath on social media during the business hours, and sent threatening messages using loan-app threat messages. Screenshots were secured in the presence of witnesses. A case has been registered.",,
90178,101033025202690178,202690178,2026-07-06,100120,3025,1,2,1,103,1,5,2026-07-06 08:08:00,2026-07-06 10:41:00,2026-07-06 21:56:00,12.315727,76.637688,The complainant Ravi Patil stated that a quarrel at the old town lanes during the evening hours escalated and the accused Ramesh Patil assaulted the victim Anitha Swamy with a machete causing grievous injuries. The injured was treated at the taluk hospital. A case has been registered against the accused.,,
90179,101073063202690179,202690179,2026-07-23,100282,3063,1,2,4,401,1,13,2026-07-23 09:24:00,2026-07-23 10:27:00,2026-07-23 12:46:00,15.362688,75.133397,"The complainant Shankar Poojary reported that unknown persons induced him to part with funds on the promise of high returns and business partnership, and cheated him of cash of Rs 42,000 and cash. The transactions occurred near Hubballi-Dharwad Camp PS during business hours. Documents have been seized and a case registered.",,
90180,101013006202690180,202690180,2026-07-23,100029,3006,1,2,3,305,1,2,2026-07-22 17:22:00,2026-07-22 20:12:00,2026-07-23 07:43:00,13.015571,77.559922,The complainant Savitha Shetty reported theft of a gold mangalsutra from an apartment complex during the daytime. unknown persons took advantage of the crowd and escaped. A case has been registered and nearby CCTV cameras are being verified.,,
90181,101013007202690181,202690181,2026-07-21,100034,3007,1,2,6,601,1,2,2026-07-21 14:39:00,2026-07-21 18:16:00,2026-07-21 19:28:00,12.983614,77.560077,"The complainant, PI Raghavendra Angadi of the jurisdictional station, reported that during the evening hours a mob armed with knifes gathered at the old town lanes and indulged in rioting, damaging public property. Lathi-charge was resorted to and the mob dispersed. Cases have been registered against the identified persons.",,
90182,101263192202690182,202690182,2026-07-21,100868,3192,1,1,1,101,1,51,2026-07-21 21:12:00,2026-07-21 21:37:00,2026-07-22 00:03:00,16.313318,75.683803,The complainant Manjunath Desai reported that the victim Nagaraj Kumar was assaulted with a knife at the bus stand vicinity near Bagalkot East PS limits during the evening hours. The victim succumbed to injuries on the spot. the accused Ramesh Angadi and associates fled the scene and a case of murder has been registered. Inquest and scene-of-crime procedures were completed.,,
90183,301013009202690183,202690183,2026-07-08,100045,3009,3,2,8,802,1,1,2026-07-07 19:28:00,2026-07-07 23:04:00,2026-07-08 10:33:00,12.964591,77.536611,The complainant Ravi Murthy reported that the victim Suresh Kulkarni was found dead at the main road during the daytime under circumstances suggesting an accidental fall. Inquest proceedings were conducted and the body was shifted for post-mortem examination. A UDR case has been registered pending final opinion.,,
